modele,AIC,MAE,RMSE,MAPE
"SARIMA(1,1,1)(1,1,1)[12]",-248.98,1190.9754089681426,1339.2632565327174,5.640705741797253
