serie,adf_stat,adf_pvalue,kpss_stat,kpss_pvalue
Serie brute,0.6435476336128724,0.9886412396114337,0.8557648107798281,0.01
log(Ventes),-1.0957528457785708,0.7167626458042549,0.9327000581870408,0.01
log(Ventes) - diff d=1,-4.470095373794049,0.00022260859938463639,0.038180332518514555,0.1
log(Ventes) - diff saisonniere D=1,-1.8754174257671814,0.3437124105248771,0.19160133750448347,0.1
log(Ventes) - d=1 + D=1,-3.466955305042483,0.008877432398710054,0.020281249103946214,0.1
